sym,verdict,reason,signals,last_candle,base,drop_peak_%,pos_in_base_%,from_low_%,name
003280.KS,✅✅ PRIME,베이스 후반부 + 캔들신호 1종,작은몸통양꼬리양봉,-,베이스(완만),76.0,11.0,25.0,흥아해운
046390.KQ,✅✅ PRIME,베이스 후반부 + 캔들신호 2종,"작은몸통양꼬리양봉, 양봉스프링",양봉스프링,베이스(완만),87.0,15.0,39.0,삼화네트웍스
309930.KQ,✅✅ PRIME,베이스 후반부 + 캔들신호 1종,작은몸통양꼬리양봉,-,베이스(완만),89.0,6.0,21.0,조이웍스앤코
417500.KQ,✅✅ PRIME,베이스 후반부 + 캔들신호 2종,"작은몸통양꼬리양봉, 상승펀치",-,베이스(완만),58.0,33.0,44.0,제이아이테크
139990.KS,✅✅ PRIME,베이스 후반부 + 캔들신호 1종,작은몸통양꼬리양봉,-,베이스(완만),94.0,2.0,7.0,아주스틸
091440.KQ,✅✅ PRIME,베이스 후반부 + 캔들신호 1종,작은몸통양꼬리양봉,작은몸통양꼬리양봉,베이스(완만),87.0,5.0,23.0,한울소재과학
100130.KQ,✅✅ PRIME,베이스 후반부 + 캔들신호 1종,위꼬리양봉,-,베이스(완만),78.0,14.0,21.0,동국S&C
330350.KQ,✅✅ PRIME,베이스 후반부 + 캔들신호 2종,"위꼬리양봉, 꼬리군",-,베이스(완만),55.0,35.0,39.0,위더스제약
339770.KS,✅✅ PRIME,베이스 후반부 + 캔들신호 1종,작은몸통양꼬리양봉,-,베이스근접,64.0,7.0,5.0,교촌에프앤비
217190.KQ,✅✅ PRIME,베이스 후반부 + 캔들신호 1종,작은몸통양꼬리양봉,도지,베이스(완만),51.0,34.0,50.0,제너셈
263750.KQ,✅✅ PRIME,베이스 후반부 + 캔들신호 1종,작은몸통양꼬리양봉,음봉스프링,베이스(완만),73.0,24.0,46.0,펄어비스
006660.KS,✅✅ PRIME,베이스 후반부 + 캔들신호 1종,위꼬리양봉,-,베이스(완만),62.0,24.0,39.0,삼성공조
085660.KQ,✅✅ PRIME,베이스 후반부 + 캔들신호 1종,작은몸통양꼬리양봉,음봉스프링,베이스(완만),61.0,19.0,30.0,차바이오텍
005250.KS,✅✅ PRIME,베이스 후반부 + 캔들신호 1종,양봉스프링,-,베이스근접,69.0,19.0,17.0,녹십자홀딩스
079370.KQ,✅✅ PRIME,베이스 후반부 + 캔들신호 1종,작은몸통양꼬리양봉,-,베이스(완만),52.0,14.0,16.0,제우스
338220.KQ,✅✅ PRIME,베이스 후반부 + 캔들신호 1종,작은몸통양꼬리양봉,음봉스프링,베이스(완만),87.0,5.0,21.0,뷰노
079160.KS,✅✅ PRIME,베이스 후반부 + 캔들신호 1종,작은몸통양꼬리양봉,음봉스프링,베이스(완만),80.0,11.0,8.0,CJ CGV
047920.KQ,✅✅ PRIME,베이스 후반부 + 캔들신호 1종,작은몸통양꼬리양봉,음봉스프링,베이스(완만),69.0,14.0,33.0,HLB제약
131030.KQ,✅✅ PRIME,베이스 후반부 + 캔들신호 1종,작은몸통양꼬리양봉,도지,베이스(완만),71.0,8.0,26.0,옵투스제약
378800.KQ,✅✅ PRIME,베이스 후반부 + 캔들신호 1종,위꼬리양봉,-,베이스(완만),90.0,5.0,26.0,샤페론
328130.KQ,✅✅ PRIME,베이스 후반부 + 캔들신호 1종,작은몸통양꼬리양봉,-,베이스(완만),78.0,1.0,2.0,루닛
034830.KS,✅✅ PRIME,베이스 후반부 + 캔들신호 1종,위꼬리양봉,-,베이스(완만),60.0,30.0,27.0,한국토지신탁
037560.KS,✅✅ PRIME,베이스 후반부 + 캔들신호 1종,작은몸통양꼬리양봉,-,베이스(완만),79.0,1.0,1.0,LG헬로비전
011200.KS,✅✅ PRIME,베이스 후반부 + 캔들신호 1종,작은몸통양꼬리양봉,음봉스프링,베이스근접,58.0,46.0,31.0,HMM
073010.KQ,✅✅ PRIME,베이스 후반부 + 캔들신호 1종,작은몸통양꼬리양봉,-,베이스(완만),56.0,9.0,14.0,케이에스피
365550.KS,✅✅ PRIME,베이스 후반부 + 캔들신호 1종,작은몸통양꼬리양봉,작은몸통양꼬리양봉,베이스근접,58.0,30.0,17.0,ESR켄달스퀘어리츠
192650.KS,✅✅ PRIME,베이스 후반부 + 캔들신호 1종,양봉스프링,-,베이스(완만),61.0,25.0,32.0,드림텍
041190.KQ,✅✅ PRIME,베이스 후반부 + 캔들신호 1종,위꼬리양봉,-,베이스(완만),58.0,7.0,11.0,우리기술투자
051630.KS,✅✅ PRIME,베이스 후반부 + 캔들신호 1종,위꼬리양봉,도지,베이스(완만),74.0,15.0,49.0,진양화학
096770.KS,✅✅ PRIME,베이스 후반부 + 캔들신호 1종,작은몸통양꼬리양봉,음봉스프링,베이스(완만),64.0,30.0,28.0,SK이노베이션
010660.KS,✅✅ PRIME,베이스 후반부 + 캔들신호 1종,작은몸통양꼬리양봉,도지,베이스(완만),69.0,12.0,20.0,화천기계
016380.KS,✅✅ PRIME,베이스 후반부 + 캔들신호 1종,작은몸통양꼬리양봉,-,베이스근접,79.0,20.0,11.0,KG스틸
112610.KS,✅✅ PRIME,베이스 후반부 + 캔들신호 2종,"작은몸통양꼬리양봉, 양봉스프링",음봉스프링,베이스(완만),51.0,29.0,48.0,씨에스윈드
203400.KQ,✅✅ PRIME,베이스 후반부 + 캔들신호 1종,작은몸통양꼬리양봉,음봉스프링,베이스(완만),91.0,2.0,10.0,에이비온
215600.KQ,✅✅ PRIME,베이스 후반부 + 캔들신호 1종,작은몸통양꼬리양봉,음봉스프링,베이스(완만),85.0,16.0,31.0,신라젠
000400.KS,✅✅ PRIME,베이스 후반부 + 캔들신호 1종,위꼬리양봉,음봉스프링,베이스(완만),54.0,15.0,26.0,롯데손해보험
216080.KQ,✅✅ PRIME,베이스 후반부 + 캔들신호 2종,"위꼬리양봉, 작은몸통양꼬리양봉",음봉스프링,베이스(완만),78.0,2.0,3.0,제테마
104480.KQ,✅✅ PRIME,베이스 후반부 + 캔들신호 1종,작은몸통양꼬리양봉,-,베이스(완만),81.0,30.0,43.0,티케이케미칼
003780.KS,✅✅ PRIME,베이스 후반부 + 캔들신호 1종,작은몸통양꼬리양봉,-,베이스(완만),63.0,8.0,14.0,진양산업
950220.KQ,✅✅ PRIME,베이스 후반부 + 캔들신호 1종,위꼬리양봉,-,베이스(완만),97.0,3.0,18.0,네오이뮨텍
297090.KQ,✅✅ PRIME,베이스 후반부 + 캔들신호 1종,양봉스프링,-,베이스(완만),70.0,17.0,28.0,씨에스베어링
095910.KQ,✅✅ PRIME,베이스 후반부 + 캔들신호 1종,작은몸통양꼬리양봉,-,베이스(완만),84.0,17.0,42.0,에스에너지
011280.KS,✅✅ PRIME,베이스 후반부 + 캔들신호 1종,작은몸통양꼬리양봉,-,베이스근접,64.0,32.0,21.0,태림포장
026940.KS,✅✅ PRIME,베이스 후반부 + 캔들신호 1종,상승펀치,-,베이스(완만),71.0,47.0,43.0,부국철강
011700.KS,✅✅ PRIME,베이스 후반부 + 캔들신호 1종,작은몸통양꼬리양봉,-,베이스(완만),80.0,18.0,26.0,한신기계
382840.KQ,✅✅ PRIME,베이스 후반부 + 캔들신호 1종,작은몸통양꼬리양봉,-,베이스(완만),86.0,6.0,9.0,원준
044380.KS,✅✅ PRIME,베이스 후반부 + 캔들신호 2종,"위꼬리양봉, 양봉스프링",-,베이스(완만),86.0,7.0,10.0,주연테크
086980.KQ,✅✅ PRIME,베이스 후반부 + 캔들신호 1종,작은몸통양꼬리양봉,-,베이스(완만),70.0,3.0,4.0,쇼박스
299170.KQ,✅✅ PRIME,베이스 후반부 + 캔들신호 1종,작은몸통양꼬리양봉,-,베이스(완만),69.0,12.0,45.0,더블유에스아이
089590.KS,✅✅ PRIME,베이스 후반부 + 캔들신호 1종,위꼬리양봉,-,베이스(완만),79.0,12.0,20.0,제주항공
272450.KS,✅✅ PRIME,베이스 후반부 + 캔들신호 1종,작은몸통양꼬리양봉,-,베이스(완만),76.0,11.0,16.0,진에어
001780.KS,✅✅ PRIME,베이스 후반부 + 캔들신호 1종,작은몸통양꼬리양봉,-,베이스(완만),64.0,13.0,13.0,알루코
008350.KS,✅✅ PRIME,베이스 후반부 + 캔들신호 1종,작은몸통양꼬리양봉,음봉스프링,베이스(완만),75.0,8.0,21.0,남선알미늄
000680.KS,✅✅ PRIME,베이스 후반부 + 캔들신호 2종,"위꼬리양봉, 작은몸통양꼬리양봉",음봉스프링,베이스(완만),67.0,20.0,24.0,LS네트웍스
041020.KQ,✅✅ PRIME,베이스 후반부 + 캔들신호 2종,"위꼬리양봉, 작은몸통양꼬리양봉",음봉스프링,베이스(완만),70.0,2.0,4.0,폴라리스오피스
001360.KS,✅✅ PRIME,베이스 후반부 + 캔들신호 1종,위꼬리양봉,-,베이스(완만),83.0,19.0,15.0,삼성제약
025980.KQ,✅✅ PRIME,베이스 후반부 + 캔들신호 1종,작은몸통양꼬리양봉,-,베이스(완만),65.0,13.0,23.0,아난티
096350.KQ,✅✅ PRIME,베이스 후반부 + 캔들신호 2종,"양봉스프링, 작은몸통양꼬리양봉",음봉스프링,베이스(완만),52.0,19.0,36.0,대창솔루션
204270.KQ,✅✅ PRIME,베이스 후반부 + 캔들신호 2종,"위꼬리양봉, 작은몸통양꼬리양봉",음봉스프링,베이스(완만),51.0,19.0,33.0,제이앤티씨
037440.KQ,✅✅ PRIME,베이스 후반부 + 캔들신호 1종,작은몸통양꼬리양봉,음봉스프링,베이스(완만),69.0,23.0,24.0,희림
018470.KS,✅✅ PRIME,베이스 후반부 + 캔들신호 1종,작은몸통양꼬리양봉,음봉스프링,베이스(완만),74.0,3.0,3.0,조일알미늄
005860.KQ,✅✅ PRIME,베이스 후반부 + 캔들신호 1종,작은몸통양꼬리양봉,-,베이스(완만),84.0,1.0,1.0,한일사료
015590.KS,✅✅ PRIME,베이스 후반부 + 캔들신호 2종,"작은몸통양꼬리양봉, 상승다람쥐",작은몸통양꼬리양봉,베이스(완만),63.0,17.0,22.0,DKME
025860.KS,✅✅ PRIME,베이스 후반부 + 캔들신호 1종,작은몸통양꼬리양봉,-,베이스(완만),63.0,7.0,9.0,남해화학
071090.KS,✅✅ PRIME,베이스 후반부 + 캔들신호 2종,"작은몸통양꼬리양봉, 꼬리군",-,베이스(완만),56.0,26.0,38.0,하이스틸
323410.KS,✅✅ PRIME,베이스 후반부 + 캔들신호 1종,위꼬리양봉,음봉스프링,베이스(완만),76.0,22.0,24.0,카카오뱅크
294630.KQ,✅✅ PRIME,베이스 후반부 + 캔들신호 1종,꼬리군,-,베이스(완만),80.0,15.0,31.0,서남
085670.KQ,✅✅ PRIME,베이스 후반부 + 캔들신호 1종,작은몸통양꼬리양봉,-,베이스(완만),71.0,7.0,7.0,뉴프렉스
041440.KQ,✅ PASS,캔들신호 1종 (위치=비전형),작은몸통양꼬리양봉,-,비전형,35.0,23.0,20.0,현대에버다임
451800.KS,✅ PASS,캔들신호 1종 (위치=비전형),작은몸통양꼬리양봉,-,비전형,30.0,42.0,46.0,한화리츠
474610.KQ,✅ PASS,캔들신호 2종 (베이스 판정불가),"작은몸통양꼬리양봉, 위꼬리양봉",-,데이터부족,,,,RF시스템즈
395400.KS,✅ PASS,캔들신호 2종 (위치=하락중),"위꼬리양봉, 작은몸통양꼬리양봉",작은몸통양꼬리양봉,하락중,17.0,58.0,39.0,SK리츠
475150.KS,✅ PASS,캔들신호 2종 (베이스 판정불가),"작은몸통양꼬리양봉, 위꼬리양봉",-,데이터부족,,,,SK이터닉스
451220.KQ,✅ PASS,캔들신호 1종 (베이스 판정불가),작은몸통양꼬리양봉,-,데이터부족,,,,아이엠티
488280.KQ,✅ PASS,캔들신호 1종 (베이스 판정불가),작은몸통양꼬리양봉,-,데이터부족,,,,에스투더블유
476060.KQ,✅ PASS,캔들신호 1종 (베이스 판정불가),작은몸통양꼬리양봉,-,데이터부족,,,,온코닉테라퓨틱스
036460.KS,✅ PASS,캔들신호 1종 (위치=비전형),작은몸통양꼬리양봉,-,비전형,46.0,15.0,17.0,한국가스공사
490470.KQ,✅ PASS,캔들신호 1종 (베이스 판정불가),작은몸통양꼬리양봉,-,데이터부족,,,,세미파이브
330590.KS,✅ PASS,캔들신호 2종 (위치=비전형),"위꼬리양봉, 작은몸통양꼬리양봉",도지,비전형,36.0,53.0,37.0,롯데리츠
340450.KQ,✅ PASS,캔들신호 2종 (베이스 판정불가),"위꼬리양봉, 작은몸통양꼬리양봉",-,데이터부족,,,,지씨지놈
475430.KQ,✅ PASS,캔들신호 1종 (베이스 판정불가),작은몸통양꼬리양봉,-,데이터부족,,,,키스트론
290560.KQ,✅ PASS,캔들신호 1종 (베이스 판정불가),양봉스프링,양봉스프링,데이터부족,,,,파라택시스이더리움
030200.KS,✅ PASS,캔들신호 1종 (위치=비전형),위꼬리양봉,음봉스프링,비전형,23.0,53.0,49.0,KT
146060.KQ,✅ PASS,캔들신호 1종 (베이스 판정불가),양봉스프링,도지,데이터부족,,,,율촌
030000.KS,✅ PASS,캔들신호 1종 (위치=비전형),작은몸통양꼬리양봉,-,비전형,28.0,41.0,17.0,제일기획
035250.KS,✅ PASS,캔들신호 1종 (위치=비전형),작은몸통양꼬리양봉,-,비전형,48.0,27.0,15.0,강원랜드
0017J0.KQ,✅ PASS,캔들신호 1종 (베이스 판정불가),양봉스프링,음봉스프링,데이터부족,,,,세미티에스
091590.KQ,✅ PASS,캔들신호 2종 (위치=비전형),"작은몸통양꼬리양봉, 양봉스프링",양봉스프링,비전형,71.0,68.0,44.0,남화토건
212710.KQ,✅ PASS,캔들신호 1종 (베이스 판정불가),작은몸통양꼬리양봉,작은몸통양꼬리양봉,데이터부족,,,,아이에스티이
0010F0.KQ,✅ PASS,캔들신호 1종 (베이스 판정불가),작은몸통양꼬리양봉,-,데이터부족,,,,보원케미칼
476830.KQ,✅ PASS,캔들신호 1종 (베이스 판정불가),작은몸통양꼬리양봉,-,데이터부족,,,,알지노믹스
464080.KQ,✅ PASS,캔들신호 2종 (베이스 판정불가),"위꼬리양봉, 작은몸통양꼬리양봉",음봉스프링,데이터부족,,,,에스오에스랩
004990.KS,✅ PASS,캔들신호 1종 (위치=비전형),작은몸통양꼬리양봉,-,비전형,36.0,34.0,34.0,롯데지주
027410.KS,✅ PASS,캔들신호 1종 (위치=비전형),위꼬리양봉,-,비전형,43.0,40.0,26.0,BGF
417200.KQ,✅ PASS,캔들신호 1종 (베이스 판정불가),작은몸통양꼬리양봉,음봉스프링,데이터부족,,,,LS머트리얼즈
068270.KS,✅ PASS,캔들신호 1종 (위치=비전형),작은몸통양꼬리양봉,작은몸통양꼬리양봉,비전형,30.0,35.0,26.0,셀트리온
042500.KQ,✅ PASS,캔들신호 1종 (위치=비전형),작은몸통양꼬리양봉,-,비전형,43.0,21.0,26.0,링네트
380550.KQ,✅ PASS,캔들신호 1종 (베이스 판정불가),작은몸통양꼬리양봉,-,데이터부족,,,,뉴로핏
450080.KS,✅ PASS,캔들신호 1종 (베이스 판정불가),작은몸통양꼬리양봉,-,데이터부족,,,,에코프로머티
025820.KS,✅ PASS,캔들신호 1종 (위치=비전형),작은몸통양꼬리양봉,음봉스프링,비전형,45.0,31.0,31.0,이구산업
477850.KQ,✅ PASS,캔들신호 1종 (베이스 판정불가),위꼬리양봉,-,데이터부족,,,,마키나락스
376900.KQ,✅ PASS,캔들신호 1종 (베이스 판정불가),작은몸통양꼬리양봉,-,데이터부족,,,,로킷헬스케어
458870.KQ,✅ PASS,캔들신호 2종 (베이스 판정불가),"양봉스프링, 위꼬리양봉",-,데이터부족,,,,씨어스
003490.KS,✅ PASS,캔들신호 1종 (위치=상승이탈),위꼬리양봉,위꼬리양봉,상승이탈,17.0,80.0,49.0,대한항공
347850.KQ,✅ PASS,캔들신호 1종 (베이스 판정불가),상승펀치,도지,데이터부족,,,,디앤디파마텍
051600.KS,✅ PASS,캔들신호 1종 (위치=비전형),양봉스프링,음봉스프링,비전형,26.0,46.0,43.0,한전KPS
365330.KQ,✅ PASS,캔들신호 1종 (베이스 판정불가),작은몸통양꼬리양봉,음봉스프링,데이터부족,,,,에스와이스틸텍
415640.KS,✅ PASS,캔들신호 3종 (베이스 판정불가),"위꼬리양봉, 작은몸통양꼬리양봉, 상승다람쥐",-,데이터부족,,,,KB발해인프라
448730.KS,✅ PASS,캔들신호 2종 (위치=비전형),"작은몸통양꼬리양봉, 상승다람쥐",-,비전형,27.0,41.0,34.0,삼성FN리츠
0011T0.KQ,✅ PASS,캔들신호 1종 (베이스 판정불가),위꼬리양봉,음봉스프링,데이터부족,,,,채비
463020.KQ,✅ PASS,캔들신호 1종 (베이스 판정불가),위꼬리양봉,-,데이터부족,,,,뉴엔AI
357120.KS,✅ PASS,캔들신호 1종 (위치=비전형),양봉스프링,-,비전형,43.0,38.0,12.0,코람코라이프인프라리츠
484590.KQ,✅ PASS,캔들신호 2종 (베이스 판정불가),"작은몸통양꼬리양봉, 위꼬리양봉",-,데이터부족,,,,삼양컴텍
482630.KQ,✅ PASS,캔들신호 1종 (베이스 판정불가),작은몸통양꼬리양봉,도지,데이터부족,,,,삼양엔씨켐
439960.KQ,✅ PASS,캔들신호 2종 (베이스 판정불가),"양봉스프링, 작은몸통양꼬리양봉",-,데이터부족,,,,코스모로보틱스
354320.KQ,✅ PASS,캔들신호 1종 (베이스 판정불가),작은몸통양꼬리양봉,-,데이터부족,,,,알멕
462350.KQ,✅ PASS,캔들신호 1종 (베이스 판정불가),작은몸통양꼬리양봉,음봉스프링,데이터부족,,,,이노스페이스
123410.KQ,✅ PASS,캔들신호 1종 (위치=비전형),작은몸통양꼬리양봉,-,비전형,37.0,35.0,47.0,코리아에프티
059210.KQ,✅ PASS,캔들신호 1종 (위치=비전형),작은몸통양꼬리양봉,-,비전형,41.0,20.0,21.0,메타바이오메드
388870.KQ,✅ PASS,캔들신호 1종 (베이스 판정불가),작은몸통양꼬리양봉,-,데이터부족,,,,파로스아이바이오
014950.KQ,✅ PASS,캔들신호 2종 (베이스 판정불가),"양봉스프링, 꼬리군",-,데이터부족,,,,삼익제약
487580.KQ,✅ PASS,캔들신호 1종 (베이스 판정불가),위꼬리양봉,-,데이터부족,,,,폴레드
394420.KQ,✅ PASS,캔들신호 2종 (베이스 판정불가),"작은몸통양꼬리양봉, 상승펀치",-,데이터부족,,,,리센스메디컬
355690.KQ,✅ PASS,캔들신호 1종 (베이스 판정불가),작은몸통양꼬리양봉,-,데이터부족,,,,에이텀
457370.KQ,✅ PASS,캔들신호 1종 (베이스 판정불가),위꼬리양봉,위꼬리양봉,데이터부족,,,,한켐
126730.KQ,✅ PASS,캔들신호 1종 (베이스 판정불가),위꼬리양봉,위꼬리양봉,데이터부족,,,,코칩
073240.KS,✅ PASS,캔들신호 1종 (위치=비전형),작은몸통양꼬리양봉,음봉스프링,비전형,43.0,20.0,18.0,금호타이어
394800.KQ,✅ PASS,캔들신호 1종 (베이스 판정불가),작은몸통양꼬리양봉,-,데이터부족,,,,쓰리빌리언
0117P0.KQ,⚠ CHECK,최근 상승캔들 없음,-,음봉스프링,데이터부족,,,,피스피스스튜디오
024060.KQ,⚠ CHECK,최근 상승캔들 없음,-,음봉스프링,베이스(완만),71.0,4.0,13.0,흥구석유
000890.KS,⚠ CHECK,최근 상승캔들 없음,-,-,베이스(완만),76.0,24.0,33.0,보해양조
321370.KQ,⚠ CHECK,최근 상승캔들 없음,-,도지,데이터부족,,,,센서뷰
025320.KQ,⚠ CHECK,최근 상승캔들 없음,-,음봉스프링,베이스(완만),67.0,4.0,8.0,시노펙스
096250.KQ,⚠ CHECK,최근 상승캔들 없음,-,-,데이터부족,,,,와이즈넛
469610.KQ,⚠ CHECK,최근 상승캔들 없음,-,-,데이터부족,,,,이노테크
000220.KS,⚠ CHECK,최근 상승캔들 없음,-,-,베이스근접,68.0,19.0,11.0,유유제약
039980.KQ,⚠ CHECK,최근 상승캔들 없음,-,-,베이스(완만),72.0,0.0,0.0,폴라리스AI
452280.KQ,⚠ CHECK,최근 상승캔들 없음,-,-,데이터부족,,,,한선엔지니어링
090430.KS,⚠ CHECK,최근 상승캔들 없음,-,-,베이스(완만),63.0,8.0,7.0,아모레퍼시픽
009160.KS,⚠ CHECK,최근 상승캔들 없음,-,-,베이스(완만),79.0,1.0,2.0,SIMPAC
322180.KQ,⚠ CHECK,최근 상승캔들 없음,-,-,베이스(완만),62.0,11.0,19.0,LS티라유텍
092220.KS,⚠ CHECK,최근 상승캔들 없음,-,-,베이스(완만),81.0,10.0,24.0,KEC
256840.KQ,⚠ CHECK,최근 상승캔들 없음,-,음봉스프링,베이스(완만),96.0,3.0,5.0,한국비엔씨
125490.KQ,⚠ CHECK,최근 상승캔들 없음,-,-,데이터부족,,,,한라캐스트
217590.KS,⚠ CHECK,최근 상승캔들 없음,-,-,데이터부족,,,,티엠씨
136480.KQ,⚠ CHECK,최근 상승캔들 없음,-,-,베이스근접,56.0,9.0,4.0,하림
009410.KS,⚠ CHECK,최근 상승캔들 없음,-,-,베이스(완만),87.0,4.0,16.0,태영건설
000430.KS,⚠ CHECK,최근 상승캔들 없음,-,음봉스프링,비전형,45.0,47.0,43.0,대원강업
459550.KQ,⚠ CHECK,최근 상승캔들 없음,-,음봉스프링,데이터부족,,,,알트
900290.KQ,⚠ CHECK,최근 상승캔들 없음,-,도지,베이스(완만),56.0,15.0,31.0,GRT
298830.KQ,⚠ CHECK,최근 상승캔들 없음,-,-,베이스(완만),66.0,21.0,43.0,슈어소프트테크
003000.KS,⚠ CHECK,최근 상승캔들 없음,-,-,베이스(완만),81.0,19.0,39.0,부광약품
114090.KS,⚠ CHECK,최근 상승캔들 없음,-,-,비전형,47.0,13.0,10.0,GKL
264850.KQ,⚠ CHECK,최근 상승캔들 없음,-,-,비전형,46.0,25.0,39.0,이랜시스
100790.KQ,⚠ CHECK,최근 상승캔들 없음,-,-,데이터부족,,,,미래에셋벤처투자
024740.KQ,⚠ CHECK,최근 상승캔들 없음,-,음봉스프링,베이스(완만),64.0,17.0,28.0,한일단조
404990.KS,⚠ CHECK,최근 상승캔들 없음,-,-,비전형,31.0,52.0,34.0,신한서부티엔디리츠
279570.KS,⚠ CHECK,최근 상승캔들 없음,-,-,데이터부족,,,,케이뱅크
251270.KS,⚠ CHECK,최근 상승캔들 없음,-,-,베이스(완만),72.0,8.0,8.0,넷마블
440110.KQ,⚠ CHECK,최근 상승캔들 없음,-,-,데이터부족,,,,파두
454910.KS,⚠ CHECK,최근 상승캔들 없음,-,-,데이터부족,,,,두산로보틱스
456010.KQ,⚠ CHECK,최근 상승캔들 없음,-,-,데이터부족,,,,아이씨티케이
012800.KS,⚠ CHECK,최근 상승캔들 없음,-,-,베이스(완만),54.0,18.0,17.0,대창
086960.KQ,⚠ CHECK,최근 상승캔들 없음,-,-,베이스(완만),74.0,21.0,29.0,MDS테크
142280.KQ,⚠ CHECK,최근 상승캔들 없음,-,-,베이스(완만),74.0,9.0,11.0,녹십자엠에스
067000.KQ,⚠ CHECK,최근 상승캔들 없음,-,-,베이스(완만),91.0,4.0,9.0,조이시티
451760.KQ,⚠ CHECK,최근 상승캔들 없음,-,음봉스프링,데이터부족,,,,컨텍
099430.KQ,⚠ CHECK,최근 상승캔들 없음,-,-,베이스(완만),59.0,5.0,5.0,바이오플러스
003620.KS,⚠ CHECK,최근 상승캔들 없음,-,-,베이스(완만),96.0,1.0,12.0,KG모빌리티
028300.KQ,⚠ CHECK,최근 상승캔들 없음,-,-,베이스(완만),61.0,23.0,39.0,HLB
486990.KQ,⚠ CHECK,최근 상승캔들 없음,-,음봉스프링,데이터부족,,,,노타
067170.KQ,⚠ CHECK,최근 상승캔들 없음,-,-,베이스(완만),84.0,22.0,47.0,오텍
001340.KS,⚠ CHECK,최근 상승캔들 없음,-,-,베이스(완만),68.0,6.0,13.0,PKC
003010.KS,⚠ CHECK,최근 상승캔들 없음,-,음봉스프링,베이스(완만),61.0,14.0,15.0,혜인
206650.KQ,⚠ CHECK,최근 상승캔들 없음,-,-,베이스(완만),84.0,7.0,8.0,유바이오로직스
240550.KQ,⚠ CHECK,최근 상승캔들 없음,-,-,데이터부족,,,,동방메디컬
348370.KQ,⚠ CHECK,최근 상승캔들 없음,-,음봉스프링,베이스(완만),92.0,1.0,8.0,엔켐
027740.KS,⚠ CHECK,최근 상승캔들 없음,-,-,베이스(완만),83.0,21.0,37.0,마니커
253840.KQ,⚠ CHECK,최근 상승캔들 없음,-,음봉스프링,베이스(완만),85.0,5.0,8.0,수젠텍
257720.KQ,⚠ CHECK,최근 상승캔들 없음,-,-,비전형,47.0,26.0,45.0,실리콘투
009290.KS,⚠ CHECK,최근 상승캔들 없음,-,-,베이스(완만),53.0,13.0,21.0,광동제약
095700.KQ,⚠ CHECK,최근 상승캔들 없음,-,-,베이스(완만),96.0,1.0,2.0,제넥신
355390.KQ,⚠ CHECK,최근 상승캔들 없음,-,-,데이터부족,,,,크라우드웍스
377190.KS,⚠ CHECK,최근 상승캔들 없음,-,도지,베이스근접,63.0,4.0,3.0,디앤디플랫폼리츠
000100.KS,⚠ CHECK,최근 상승캔들 없음,-,-,베이스(완만),53.0,7.0,9.0,유한양행
446540.KQ,⚠ CHECK,최근 상승캔들 없음,-,도지,데이터부족,,,,메가터치
402490.KQ,⚠ CHECK,최근 상승캔들 없음,-,-,데이터부족,,,,그린리소스
361610.KS,⚠ CHECK,최근 상승캔들 없음,-,음봉스프링,베이스(완만),93.0,8.0,14.0,SK아이이테크놀로지
491000.KQ,⚠ CHECK,최근 상승캔들 없음,-,-,데이터부족,,,,리브스메드
456160.KQ,⚠ CHECK,최근 상승캔들 없음,-,음봉스프링,데이터부족,,,,지투지바이오
211270.KQ,⚠ CHECK,최근 상승캔들 없음,-,음봉스프링,베이스(완만),58.0,11.0,15.0,AP위성
460860.KS,⚠ CHECK,최근 상승캔들 없음,-,-,비전형,46.0,19.0,24.0,동국제강
101670.KQ,⚠ CHECK,최근 상승캔들 없음,-,-,베이스(완만),98.0,2.0,4.0,하이드로리튬
452190.KQ,⚠ CHECK,최근 상승캔들 없음,-,-,데이터부족,,,,한빛레이저
053690.KS,⚠ CHECK,최근 상승캔들 없음,-,-,베이스(완만),59.0,30.0,48.0,한미글로벌
053700.KQ,⚠ CHECK,최근 상승캔들 없음,-,-,베이스(완만),58.0,8.0,13.0,삼보모터스
058730.KS,⚠ CHECK,최근 상승캔들 없음,-,-,베이스(완만),68.0,14.0,18.0,다스코
021080.KQ,⚠ CHECK,최근 상승캔들 없음,-,-,베이스(완만),56.0,35.0,36.0,에이티넘인베스트
225190.KQ,⚠ CHECK,최근 상승캔들 없음,-,-,베이스(완만),92.0,3.0,6.0,LK삼양
0004V0.KQ,⚠ CHECK,최근 상승캔들 없음,-,음봉스프링,데이터부족,,,,엔비알모션
205100.KQ,⚠ CHECK,최근 상승캔들 없음,-,-,베이스근접,55.0,6.0,5.0,엑셈
950250.KQ,⚠ CHECK,최근 상승캔들 없음,-,-,데이터부족,,,,테라뷰
067630.KQ,⚠ CHECK,최근 상승캔들 없음,-,-,베이스(완만),87.0,6.0,23.0,HLB생명과학
088980.KS,⚠ CHECK,최근 상승캔들 없음,-,-,비전형,25.0,23.0,5.0,맥쿼리인프라
091700.KQ,⚠ CHECK,최근 상승캔들 없음,-,음봉스프링,베이스근접,53.0,10.0,4.0,파트론
051980.KQ,⚠ CHECK,최근 상승캔들 없음,-,음봉스프링,베이스(완만),92.0,0.0,2.0,중앙첨단소재
045390.KQ,⚠ CHECK,최근 상승캔들 없음,-,-,베이스(완만),56.0,24.0,38.0,대아티아이
065450.KQ,⚠ CHECK,최근 상승캔들 없음,-,-,베이스(완만),59.0,2.0,2.0,빅텍
102260.KS,⚠ CHECK,최근 상승캔들 없음,-,-,비전형,40.0,26.0,10.0,동성케미컬
432320.KS,⚠ CHECK,최근 상승캔들 없음,-,음봉스프링,베이스(완만),73.0,0.0,0.0,KB스타리츠
020560.KS,⚠ CHECK,최근 상승캔들 없음,-,-,베이스근접,75.0,17.0,13.0,아시아나항공
131400.KQ,⚠ CHECK,최근 상승캔들 없음,-,-,베이스(완만),92.0,11.0,17.0,이브이첨단소재
262260.KQ,⚠ CHECK,최근 상승캔들 없음,-,-,베이스(완만),78.0,8.0,15.0,에이프로
424870.KQ,⚠ CHECK,최근 상승캔들 없음,-,음봉스프링,데이터부족,,,,이뮨온시아
209640.KQ,⚠ CHECK,최근 상승캔들 없음,-,도지,데이터부족,,,,와이제이링크
432720.KQ,⚠ CHECK,최근 상승캔들 없음,-,-,데이터부족,,,,퀄리타스반도체
295310.KQ,⚠ CHECK,최근 상승캔들 없음,-,-,데이터부족,,,,에이치브이엠
022100.KS,⚠ CHECK,최근 상승캔들 없음,-,-,베이스(완만),67.0,31.0,49.0,포스코DX
179900.KQ,⚠ CHECK,최근 상승캔들 없음,-,음봉스프링,베이스(완만),66.0,2.0,3.0,유티아이
038680.KQ,⚠ CHECK,최근 상승캔들 없음,-,-,베이스(완만),70.0,8.0,9.0,에스넷
007110.KS,⚠ CHECK,최근 상승캔들 없음,-,-,베이스(완만),63.0,11.0,23.0,일신석재
0015G0.KQ,⚠ CHECK,최근 상승캔들 없음,-,-,데이터부족,,,,그린광학
474170.KQ,⚠ CHECK,최근 상승캔들 없음,-,-,데이터부족,,,,루미르
039560.KQ,⚠ CHECK,최근 상승캔들 없음,-,음봉스프링,베이스(완만),73.0,23.0,36.0,다산네트웍스
900140.KS,⚠ CHECK,최근 상승캔들 없음,-,-,베이스(완만),59.0,5.0,6.0,엘브이엠씨홀딩스
013310.KQ,⚠ CHECK,최근 상승캔들 없음,-,-,베이스(완만),63.0,31.0,39.0,아진산업
478340.KQ,⚠ CHECK,최근 상승캔들 없음,-,-,데이터부족,,,,나라스페이스테크놀로지
088260.KS,⚠ CHECK,최근 상승캔들 없음,-,-,비전형,49.0,12.0,8.0,이리츠코크렙
017550.KS,⚠ CHECK,최근 상승캔들 없음,-,음봉스프링,베이스(완만),52.0,30.0,47.0,수산세보틱스
001250.KS,⚠ CHECK,최근 상승캔들 없음,-,음봉스프링,비전형,47.0,23.0,37.0,GS글로벌
321550.KQ,⚠ CHECK,최근 상승캔들 없음,-,-,베이스(완만),84.0,13.0,49.0,티움바이오
115450.KQ,⚠ CHECK,최근 상승캔들 없음,-,-,베이스(완만),84.0,3.0,13.0,HLB테라퓨틱스
002700.KS,⚠ CHECK,최근 상승캔들 없음,-,음봉스프링,베이스근접,59.0,14.0,10.0,신일전자
334890.KS,⚠ CHECK,최근 상승캔들 없음,-,도지,비전형,42.0,19.0,16.0,이지스밸류플러스리츠
008420.KS,⚠ CHECK,최근 상승캔들 없음,-,도지,베이스(완만),63.0,23.0,21.0,문배철강
014530.KS,⚠ CHECK,최근 상승캔들 없음,-,음봉스프링,베이스(완만),51.0,2.0,2.0,극동유화
126700.KQ,⚠ CHECK,최근 상승캔들 없음,-,음봉스프링,베이스(완만),59.0,11.0,15.0,하이비젼시스템
317240.KQ,⚠ CHECK,최근 상승캔들 없음,-,-,베이스(완만),90.0,11.0,30.0,TS트릴리온
035720.KS,⚠ CHECK,최근 상승캔들 없음,-,음봉스프링,베이스(완만),77.0,17.0,21.0,카카오
125020.KQ,⚠ CHECK,최근 상승캔들 없음,-,-,데이터부족,,,,티씨머티리얼즈
261780.KQ,⚠ CHECK,최근 상승캔들 없음,-,음봉스프링,베이스(완만),82.0,9.0,18.0,아리바이오랩
070300.KQ,⚠ CHECK,최근 상승캔들 없음,-,-,베이스(완만),83.0,3.0,15.0,엑스큐어
064400.KS,⚠ CHECK,최근 상승캔들 없음,-,-,데이터부족,,,,LG씨엔에스
293940.KS,⚠ CHECK,최근 상승캔들 없음,-,-,비전형,31.0,26.0,9.0,신한알파리츠
460940.KQ,⚠ CHECK,최근 상승캔들 없음,-,-,데이터부족,,,,피앤에스로보틱스
092790.KS,⚠ CHECK,최근 상승캔들 없음,-,-,데이터부족,,,,넥스틸
389680.KQ,⚠ CHECK,최근 상승캔들 없음,-,-,데이터부족,,,,유디엠텍
489790.KS,⚠ CHECK,최근 상승캔들 없음,-,-,데이터부족,,,,한화비전
002800.KQ,⚠ CHECK,최근 상승캔들 없음,-,-,베이스(완만),50.0,6.0,6.0,신신제약
008970.KS,⚠ CHECK,최근 상승캔들 없음,-,음봉스프링,베이스(완만),67.0,9.0,24.0,KBI동양철관
060150.KQ,⚠ CHECK,최근 상승캔들 없음,-,-,베이스(완만),76.0,3.0,5.0,인선이엔티
053260.KQ,⚠ CHECK,최근 상승캔들 없음,-,음봉스프링,베이스(완만),62.0,36.0,42.0,금강철강
011790.KS,⚠ CHECK,최근 상승캔들 없음,-,-,비전형,40.0,41.0,47.0,SKC
005010.KS,⚠ CHECK,최근 상승캔들 없음,-,-,비전형,44.0,31.0,35.0,휴스틸
424760.KQ,⛔ EXCLUDE,과상승(저점대비 +69%),"작은몸통양꼬리양봉, 상승다람쥐",도지,과상승,71.0,19.0,69.0,벨로크
001820.KS,⛔ EXCLUDE,과상승(저점대비 +784%),-,-,과상승,3.0,96.0,784.0,삼화콘덴서
204620.KQ,⛔ EXCLUDE,과상승(저점대비 +69%),"양봉스프링, 작은몸통양꼬리양봉",도지,과상승,32.0,46.0,69.0,글로벌텍스프리
198940.KQ,⛔ EXCLUDE,과상승(저점대비 +126%),"위꼬리양봉, 작은몸통양꼬리양봉",-,과상승,77.0,53.0,126.0,한주라이트메탈
320000.KQ,⛔ EXCLUDE,과상승(저점대비 +94%),양봉스프링,양봉스프링,과상승,71.0,36.0,94.0,한울반도체
336260.KS,⛔ EXCLUDE,과상승(저점대비 +414%),작은몸통양꼬리양봉,-,과상승,41.0,54.0,414.0,두산퓨얼셀
024840.KQ,⛔ EXCLUDE,과상승(저점대비 +207%),-,-,과상승,58.0,33.0,207.0,KBI메탈
079650.KQ,⛔ EXCLUDE,과상승(저점대비 +459%),-,-,과상승,0.0,100.0,459.0,서산
229000.KQ,⛔ EXCLUDE,과상승(저점대비 +104%),위꼬리양봉,음봉스프링,과상승,90.0,19.0,104.0,젠큐릭스
047770.KQ,⛔ EXCLUDE,과상승(저점대비 +222%),양봉스프링,-,과상승,38.0,53.0,222.0,코데즈컴바인
180400.KQ,⛔ EXCLUDE,과상승(저점대비 +84%),-,-,과상승,76.0,27.0,84.0,DXVX
005680.KS,⛔ EXCLUDE,과상승(저점대비 +80%),위꼬리양봉,-,과상승,18.0,67.0,80.0,삼영전자
330860.KQ,⛔ EXCLUDE,과상승(저점대비 +501%),작은몸통양꼬리양봉,-,과상승,17.0,80.0,501.0,네패스아크
006360.KS,⛔ EXCLUDE,과상승(저점대비 +88%),위꼬리양봉,음봉스프링,과상승,44.0,43.0,88.0,GS건설
418420.KQ,⛔ EXCLUDE,과상승(저점대비 +143%),-,-,과상승,64.0,32.0,143.0,라온텍
056360.KQ,⛔ EXCLUDE,과상승(저점대비 +89%),-,-,과상승,53.0,29.0,89.0,코위버
052460.KQ,⛔ EXCLUDE,과상승(저점대비 +81%),"위꼬리양봉, 작은몸통양꼬리양봉, 양봉스프링",양봉스프링,과상승,63.0,51.0,81.0,아이크래프트
003690.KS,⛔ EXCLUDE,과상승(저점대비 +112%),작은몸통양꼬리양봉,-,과상승,11.0,82.0,112.0,코리안리
092200.KS,⛔ EXCLUDE,과상승(저점대비 +119%),-,음봉스프링,과상승,54.0,31.0,119.0,디아이씨
055550.KS,⛔ EXCLUDE,과상승(저점대비 +137%),-,-,과상승,9.0,85.0,137.0,신한지주
007660.KS,⛔ EXCLUDE,과상승(저점대비 +478%),작은몸통양꼬리양봉,-,과상승,26.0,70.0,478.0,이수페타시스
003160.KS,⛔ EXCLUDE,과상승(저점대비 +195%),작은몸통양꼬리양봉,작은몸통양꼬리양봉,과상승,30.0,60.0,195.0,디아이
048770.KQ,⛔ EXCLUDE,과상승(저점대비 +158%),작은몸통양꼬리양봉,-,과상승,61.0,28.0,158.0,TPC로보틱스
142210.KQ,⛔ EXCLUDE,과상승(저점대비 +62%),-,-,과상승,26.0,52.0,62.0,유니트론텍
124500.KQ,⛔ EXCLUDE,과상승(저점대비 +813%),-,음봉스프링,과상승,56.0,41.0,813.0,아이티센글로벌
065170.KQ,⛔ EXCLUDE,과상승(저점대비 +517%),"작은몸통양꼬리양봉, 양봉스프링",양봉스프링,과상승,72.0,25.0,517.0,비엘팜텍
306620.KQ,⛔ EXCLUDE,과상승(저점대비 +71%),-,-,과상승,56.0,48.0,71.0,지아이에스
036010.KQ,⛔ EXCLUDE,과상승(저점대비 +238%),작은몸통양꼬리양봉,작은몸통양꼬리양봉,과상승,34.0,86.0,238.0,아비코전자
189860.KQ,⛔ EXCLUDE,과상승(저점대비 +138%),"작은몸통양꼬리양봉, 상승펀치",-,과상승,61.0,45.0,138.0,서전기전
149950.KQ,⛔ EXCLUDE,과상승(저점대비 +136%),위꼬리양봉,위꼬리양봉,과상승,41.0,74.0,136.0,아바텍
034220.KS,⛔ EXCLUDE,과상승(저점대비 +89%),위꼬리양봉,-,과상승,44.0,59.0,89.0,LG디스플레이
005940.KS,⛔ EXCLUDE,과상승(저점대비 +160%),작은몸통양꼬리양봉,-,과상승,26.0,63.0,160.0,NH투자증권
012030.KS,⛔ EXCLUDE,과상승(저점대비 +88%),-,-,과상승,40.0,57.0,88.0,DB
040350.KQ,⛔ EXCLUDE,과상승(저점대비 +256%),-,-,과상승,56.0,58.0,256.0,크레오에스지
139130.KS,⛔ EXCLUDE,과상승(저점대비 +133%),작은몸통양꼬리양봉,-,과상승,21.0,68.0,133.0,iM금융지주
086790.KS,⛔ EXCLUDE,과상승(저점대비 +145%),위꼬리양봉,도지,과상승,7.0,88.0,145.0,하나금융지주
232140.KQ,⛔ EXCLUDE,과상승(저점대비 +83%),작은몸통양꼬리양봉,-,과상승,37.0,43.0,83.0,와이씨
115440.KQ,⛔ EXCLUDE,과상승(저점대비 +85%),-,도지,과상승,51.0,30.0,85.0,우리넷
271830.KQ,⛔ EXCLUDE,과상승(저점대비 +53%),-,-,과상승,76.0,24.0,53.0,팸텍
123010.KQ,⛔ EXCLUDE,과상승(저점대비 +351%),-,-,과상승,68.0,63.0,351.0,알엔티엑스
080580.KQ,⛔ EXCLUDE,과상승(저점대비 +388%),위꼬리양봉,-,과상승,39.0,60.0,388.0,오킨스전자
033780.KS,⛔ EXCLUDE,과상승(저점대비 +113%),작은몸통양꼬리양봉,-,과상승,6.0,89.0,113.0,KT&G
007390.KQ,⛔ EXCLUDE,과상승(저점대비 +242%),-,-,과상승,38.0,71.0,242.0,네이처셀
126640.KQ,⛔ EXCLUDE,과상승(저점대비 +447%),작은몸통양꼬리양봉,-,과상승,27.0,69.0,447.0,화신정공
099440.KQ,⛔ EXCLUDE,과상승(저점대비 +61%),작은몸통양꼬리양봉,음봉스프링,과상승,62.0,19.0,61.0,스맥
030530.KQ,⛔ EXCLUDE,과상승(저점대비 +1139%),작은몸통양꼬리양봉,-,과상승,48.0,50.0,1139.0,원익홀딩스
388790.KQ,⛔ EXCLUDE,과상승(저점대비 +217%),-,음봉스프링,과상승,31.0,60.0,217.0,라이콤
357880.KQ,⛔ EXCLUDE,과상승(저점대비 +182%),-,-,과상승,84.0,51.0,182.0,SKAI
393890.KQ,⛔ EXCLUDE,과상승(저점대비 +98%),-,-,과상승,86.0,21.0,98.0,더블유씨피
032820.KQ,⛔ EXCLUDE,과상승(저점대비 +917%),"양봉스프링, 작은몸통양꼬리양봉",음봉스프링,과상승,51.0,46.0,917.0,우리기술
101160.KQ,⛔ EXCLUDE,과상승(저점대비 +89%),작은몸통양꼬리양봉,-,과상승,21.0,64.0,89.0,월덱스
187790.KQ,⛔ EXCLUDE,과상승(저점대비 +360%),위꼬리양봉,-,과상승,43.0,51.0,360.0,나노
092190.KQ,⛔ EXCLUDE,과상승(저점대비 +324%),-,-,과상승,53.0,40.0,324.0,서울바이오시스
094820.KQ,⛔ EXCLUDE,과상승(저점대비 +116%),-,-,과상승,51.0,46.0,116.0,일진파워
089230.KQ,⛔ EXCLUDE,과상승(저점대비 +263%),-,-,과상승,79.0,49.0,263.0,THE E&M
082740.KS,⛔ EXCLUDE,과상승(저점대비 +439%),위꼬리양봉,음봉스프링,과상승,37.0,58.0,439.0,한화엔진
017900.KS,⛔ EXCLUDE,과상승(저점대비 +546%),-,-,과상승,56.0,40.0,546.0,광전자
084990.KQ,⛔ EXCLUDE,과상승(저점대비 +130%),"위꼬리양봉, 작은몸통양꼬리양봉",작은몸통양꼬리양봉,과상승,86.0,35.0,130.0,헬릭스미스
006220.KS,⛔ EXCLUDE,과상승(저점대비 +78%),"위꼬리양봉, 꼬리군",-,과상승,57.0,42.0,78.0,제주은행
000880.KS,⛔ EXCLUDE,과상승(저점대비 +376%),-,-,과상승,27.0,68.0,376.0,한화
007810.KS,⛔ EXCLUDE,과상승(저점대비 +1657%),-,-,과상승,8.0,91.0,1657.0,코리아써키트
397030.KQ,⛔ EXCLUDE,과상승(저점대비 +245%),작은몸통양꼬리양봉,-,과상승,46.0,45.0,245.0,에이프릴바이오
072950.KQ,⛔ EXCLUDE,과상승(저점대비 +219%),-,-,과상승,61.0,30.0,219.0,빛샘전자
028670.KS,⛔ EXCLUDE,과상승(저점대비 +71%),-,-,과상승,42.0,59.0,71.0,팬오션
160980.KQ,⛔ EXCLUDE,과상승(저점대비 +435%),작은몸통양꼬리양봉,도지,과상승,17.0,80.0,435.0,싸이맥스
129920.KQ,⛔ EXCLUDE,과상승(저점대비 +116%),위꼬리양봉,-,과상승,63.0,26.0,116.0,대성하이텍
003530.KS,⛔ EXCLUDE,과상승(저점대비 +99%),위꼬리양봉,-,과상승,44.0,38.0,99.0,한화투자증권
161580.KQ,⛔ EXCLUDE,과상승(저점대비 +206%),-,-,과상승,38.0,53.0,206.0,필옵틱스
215790.KQ,⛔ EXCLUDE,과상승(저점대비 +496%),-,도지,과상승,70.0,26.0,496.0,이노인스트루먼트
035810.KQ,⛔ EXCLUDE,과상승(저점대비 +83%),-,-,과상승,51.0,30.0,83.0,이지홀딩스
093370.KS,⛔ EXCLUDE,과상승(저점대비 +396%),-,-,과상승,31.0,76.0,396.0,후성
010170.KQ,⛔ EXCLUDE,과상승(저점대비 +4143%),위꼬리양봉,-,과상승,44.0,55.0,4143.0,대한광통신
047040.KS,⛔ EXCLUDE,과상승(저점대비 +681%),-,음봉스프링,과상승,43.0,53.0,681.0,대우건설
299660.KQ,⛔ EXCLUDE,과상승(저점대비 +51%),-,-,과상승,98.0,6.0,51.0,셀리드
242040.KQ,⛔ EXCLUDE,과상승(저점대비 +423%),-,-,과상승,43.0,52.0,423.0,나무기술
018500.KS,⛔ EXCLUDE,과상승(저점대비 +67%),-,-,과상승,62.0,35.0,67.0,동원금속
950160.KQ,⛔ EXCLUDE,과상승(저점대비 +710%),-,-,과상승,28.0,69.0,710.0,코오롱티슈진
383310.KQ,⛔ EXCLUDE,과상승(저점대비 +51%),"작은몸통양꼬리양봉, 상승펀치",작은몸통양꼬리양봉,과상승,84.0,27.0,51.0,에코프로에이치엔
077970.KS,⛔ EXCLUDE,과상승(저점대비 +167%),작은몸통양꼬리양봉,음봉스프링,과상승,49.0,39.0,167.0,STX엔진
229640.KS,⛔ EXCLUDE,과상승(저점대비 +199%),작은몸통양꼬리양봉,-,과상승,41.0,49.0,199.0,LS에코에너지
267270.KS,⛔ EXCLUDE,과상승(저점대비 +217%),-,음봉스프링,과상승,33.0,58.0,217.0,HD건설기계
069540.KQ,⛔ EXCLUDE,과상승(저점대비 +456%),-,-,과상승,65.0,36.0,456.0,빛과전자
046940.KQ,⛔ EXCLUDE,과상승(저점대비 +66%),작은몸통양꼬리양봉,-,과상승,58.0,30.0,66.0,우원개발
203650.KQ,⛔ EXCLUDE,과상승(저점대비 +140%),-,음봉스프링,과상승,43.0,44.0,140.0,드림시큐리티
016880.KS,⛔ EXCLUDE,과상승(저점대비 +169%),작은몸통양꼬리양봉,-,과상승,60.0,30.0,169.0,웅진
234340.KQ,⛔ EXCLUDE,과상승(저점대비 +192%),-,음봉스프링,과상승,49.0,40.0,192.0,헥토파이낸셜
031330.KQ,⛔ EXCLUDE,과상승(저점대비 +538%),"위꼬리양봉, 양봉스프링",-,과상승,20.0,77.0,538.0,에스에이엠티
083650.KQ,⛔ EXCLUDE,과상승(저점대비 +829%),-,음봉스프링,과상승,43.0,54.0,829.0,비에이치아이
046120.KQ,⛔ EXCLUDE,과상승(저점대비 +286%),-,-,과상승,58.0,35.0,286.0,오르비텍
204320.KS,⛔ EXCLUDE,과상승(저점대비 +123%),"양봉스프링, 위꼬리양봉",-,과상승,13.0,79.0,123.0,HL만도
071970.KS,⛔ EXCLUDE,과상승(저점대비 +339%),작은몸통양꼬리양봉,음봉스프링,과상승,42.0,52.0,339.0,HD현대마린엔진
066970.KS,⛔ EXCLUDE,과상승(저점대비 +172%),-,-,과상승,63.0,45.0,172.0,엘앤에프
056090.KQ,⛔ EXCLUDE,과상승(저점대비 +50%),-,-,과상승,82.0,15.0,50.0,시지메드텍
319660.KQ,⛔ EXCLUDE,과상승(저점대비 +1006%),작은몸통양꼬리양봉,-,과상승,8.0,92.0,1006.0,피에스케이
368770.KQ,⛔ EXCLUDE,과상승(저점대비 +421%),-,-,과상승,51.0,44.0,421.0,파이버프로
417010.KQ,⛔ EXCLUDE,과상승(저점대비 +61%),-,음봉스프링,과상승,83.0,21.0,61.0,나노팀
042520.KQ,⛔ EXCLUDE,과상승(저점대비 +293%),-,-,과상승,58.0,35.0,293.0,한스바이오메드
323280.KQ,⛔ EXCLUDE,과상승(저점대비 +541%),-,-,과상승,48.0,48.0,541.0,태성
375500.KS,⛔ EXCLUDE,과상승(저점대비 +177%),-,음봉스프링,과상승,26.0,65.0,177.0,DL이앤씨
425040.KQ,⛔ EXCLUDE,과상승(저점대비 +206%),-,-,과상승,41.0,50.0,206.0,티이엠씨
008770.KS,⛔ EXCLUDE,과상승(저점대비 +60%),-,-,과상승,42.0,63.0,60.0,호텔신라
054920.KQ,⛔ EXCLUDE,과상승(저점대비 +84%),-,-,과상승,67.0,26.0,84.0,한컴위드
042660.KS,⛔ EXCLUDE,과상승(저점대비 +393%),-,-,과상승,19.0,77.0,393.0,한화오션
089010.KQ,⛔ EXCLUDE,과상승(저점대비 +119%),-,-,과상승,41.0,44.0,119.0,켐트로닉스
078930.KS,⛔ EXCLUDE,과상승(저점대비 +105%),작은몸통양꼬리양봉,-,과상승,18.0,70.0,105.0,GS
047050.KS,⛔ EXCLUDE,과상승(저점대비 +51%),-,음봉스프링,과상승,42.0,35.0,51.0,포스코인터내셔널
457190.KS,⛔ EXCLUDE,과상승(저점대비 +204%),작은몸통양꼬리양봉,-,과상승,82.0,52.0,204.0,이수스페셜티케미컬
004150.KS,⛔ EXCLUDE,과상승(저점대비 +76%),작은몸통양꼬리양봉,-,과상승,26.0,58.0,76.0,한솔홀딩스
088350.KS,⛔ EXCLUDE,과상승(저점대비 +130%),위꼬리양봉,-,과상승,28.0,59.0,130.0,한화생명
017510.KQ,⛔ EXCLUDE,과상승(저점대비 +131%),-,-,과상승,51.0,35.0,131.0,세명전기
005440.KS,⛔ EXCLUDE,과상승(저점대비 +253%),위꼬리양봉,-,과상승,31.0,61.0,253.0,현대지에프홀딩스
241560.KS,⛔ EXCLUDE,과상승(저점대비 +98%),작은몸통양꼬리양봉,-,과상승,17.0,70.0,98.0,두산밥캣
048550.KQ,⛔ EXCLUDE,과상승(저점대비 +66%),양봉스프링,도지,과상승,81.0,35.0,66.0,SM C&C
092870.KQ,⛔ EXCLUDE,과상승(저점대비 +207%),-,-,과상승,38.0,52.0,207.0,엑시콘
090460.KS,⛔ EXCLUDE,과상승(저점대비 +142%),-,-,과상승,39.0,48.0,142.0,비에이치
036200.KQ,⛔ EXCLUDE,과상승(저점대비 +115%),-,-,과상승,29.0,65.0,115.0,유니셈
232680.KQ,⛔ EXCLUDE,과상승(저점대비 +124%),-,-,과상승,48.0,39.0,124.0,라온로보틱스
336570.KQ,⛔ EXCLUDE,과상승(저점대비 +60%),-,-,과상승,59.0,24.0,60.0,원텍
322000.KS,⛔ EXCLUDE,과상승(저점대비 +680%),위꼬리양봉,-,과상승,43.0,53.0,680.0,HD현대에너지솔루션
100840.KS,⛔ EXCLUDE,과상승(저점대비 +252%),-,-,과상승,48.0,44.0,252.0,SNT에너지
060250.KQ,⛔ EXCLUDE,과상승(저점대비 +120%),-,-,과상승,63.0,42.0,120.0,NHN KCP
321260.KQ,⛔ EXCLUDE,과상승(저점대비 +76%),-,-,과상승,59.0,26.0,76.0,프로이천
075580.KS,⛔ EXCLUDE,과상승(저점대비 +141%),-,-,과상승,44.0,43.0,141.0,세진중공업
255220.KQ,⛔ EXCLUDE,과상승(저점대비 +77%),작은몸통양꼬리양봉,음봉스프링,과상승,46.0,34.0,77.0,SG
105560.KS,⛔ EXCLUDE,과상승(저점대비 +135%),"위꼬리양봉, 작은몸통양꼬리양봉",작은몸통양꼬리양봉,과상승,11.0,83.0,135.0,KB금융
112290.KQ,⛔ EXCLUDE,과상승(저점대비 +132%),작은몸통양꼬리양봉,-,과상승,30.0,60.0,132.0,와이씨켐
100590.KQ,⛔ EXCLUDE,과상승(저점대비 +61%),작은몸통양꼬리양봉,-,과상승,62.0,19.0,61.0,머큐리
059090.KQ,⛔ EXCLUDE,과상승(저점대비 +203%),"작은몸통양꼬리양봉, 상승펀치",-,과상승,28.0,64.0,203.0,미코
181710.KS,⛔ EXCLUDE,과상승(저점대비 +162%),위꼬리양봉,위꼬리양봉,과상승,37.0,51.0,162.0,NHN
174900.KQ,⛔ EXCLUDE,과상승(저점대비 +364%),작은몸통양꼬리양봉,-,과상승,67.0,28.0,364.0,앱클론
049630.KQ,⛔ EXCLUDE,과상승(저점대비 +203%),작은몸통양꼬리양봉,-,과상승,78.0,16.0,203.0,재영솔루텍
019180.KS,⛔ EXCLUDE,과상승(저점대비 +162%),작은몸통양꼬리양봉,-,과상승,31.0,57.0,162.0,티에이치엔
015760.KS,⛔ EXCLUDE,과상승(저점대비 +116%),작은몸통양꼬리양봉,-,과상승,43.0,41.0,116.0,한국전력
009420.KS,⛔ EXCLUDE,과상승(저점대비 +129%),작은몸통양꼬리양봉,-,과상승,25.0,63.0,129.0,한올바이오파마
000720.KS,⛔ EXCLUDE,과상승(저점대비 +453%),작은몸통양꼬리양봉,-,과상승,33.0,63.0,453.0,현대건설
007070.KS,⛔ EXCLUDE,과상승(저점대비 +73%),-,-,과상승,53.0,58.0,73.0,GS리테일
417840.KQ,⛔ EXCLUDE,과상승(저점대비 +847%),작은몸통양꼬리양봉,-,과상승,30.0,67.0,847.0,저스템
085910.KQ,⛔ EXCLUDE,과상승(저점대비 +886%),작은몸통양꼬리양봉,-,과상승,25.0,73.0,886.0,네오티스
062970.KQ,⛔ EXCLUDE,과상승(저점대비 +134%),-,음봉스프링,과상승,72.0,18.0,134.0,한국첨단소재
088130.KQ,⛔ EXCLUDE,과상승(저점대비 +136%),-,-,과상승,56.0,31.0,136.0,동아엘텍
138080.KQ,⛔ EXCLUDE,과상승(저점대비 +269%),작은몸통양꼬리양봉,-,과상승,50.0,42.0,269.0,오이솔루션
267320.KQ,⛔ EXCLUDE,과상승(저점대비 +56%),-,-,과상승,61.0,25.0,56.0,나인테크
011170.KS,⛔ EXCLUDE,과상승(저점대비 +53%),작은몸통양꼬리양봉,-,과상승,70.0,41.0,53.0,롯데케미칼
042370.KQ,⛔ EXCLUDE,과상승(저점대비 +87%),-,-,과상승,53.0,29.0,87.0,비츠로테크
308080.KQ,⛔ EXCLUDE,과상승(저점대비 +216%),-,-,과상승,81.0,33.0,216.0,바이젠셀
033500.KQ,⛔ EXCLUDE,과상승(저점대비 +84%),작은몸통양꼬리양봉,음봉스프링,과상승,43.0,38.0,84.0,동성화인텍
110990.KQ,⛔ EXCLUDE,과상승(저점대비 +152%),"작은몸통양꼬리양봉, 양봉스프링",작은몸통양꼬리양봉,과상승,24.0,76.0,152.0,디아이티
056080.KQ,⛔ EXCLUDE,과상승(저점대비 +266%),-,음봉스프링,과상승,63.0,30.0,266.0,유진로봇
034230.KS,⛔ EXCLUDE,과상승(저점대비 +63%),-,-,과상승,39.0,38.0,63.0,파라다이스
289080.KQ,⛔ EXCLUDE,과상승(저점대비 +100%),-,음봉스프링,과상승,54.0,30.0,100.0,SV인베스트먼트
001230.KS,⛔ EXCLUDE,과상승(저점대비 +60%),작은몸통양꼬리양봉,-,과상승,71.0,59.0,60.0,동국홀딩스
000990.KS,⛔ EXCLUDE,과상승(저점대비 +431%),-,-,과상승,33.0,62.0,431.0,DB하이텍
382800.KQ,⛔ EXCLUDE,과상승(저점대비 +157%),-,-,과상승,39.0,49.0,157.0,지앤비에스 에코
122990.KQ,⛔ EXCLUDE,과상승(저점대비 +57%),-,도지,과상승,42.0,65.0,57.0,와이솔
322510.KQ,⛔ EXCLUDE,과상승(저점대비 +50%),-,-,과상승,86.0,13.0,50.0,제이엘케이
105840.KS,⛔ EXCLUDE,과상승(저점대비 +238%),작은몸통양꼬리양봉,-,과상승,40.0,51.0,238.0,우진
044490.KQ,⛔ EXCLUDE,과상승(저점대비 +333%),-,-,과상승,35.0,59.0,333.0,태웅
007610.KS,⛔ EXCLUDE,과상승(저점대비 +86%),작은몸통양꼬리양봉,-,과상승,67.0,19.0,86.0,선도전기
205500.KQ,⛔ EXCLUDE,과상승(저점대비 +190%),-,-,과상승,73.0,44.0,190.0,넥써쓰
011930.KS,⛔ EXCLUDE,과상승(저점대비 +105%),작은몸통양꼬리양봉,-,과상승,57.0,28.0,105.0,신성이엔지
015860.KS,⛔ EXCLUDE,과상승(저점대비 +119%),작은몸통양꼬리양봉,-,과상승,53.0,32.0,119.0,일진홀딩스
010100.KS,⛔ EXCLUDE,과상승(저점대비 +60%),-,-,과상승,55.0,28.0,60.0,한국무브넥스
389500.KQ,⛔ EXCLUDE,과상승(저점대비 +347%),-,음봉스프링,과상승,53.0,40.0,347.0,에스비비테크
018000.KQ,⛔ EXCLUDE,과상승(저점대비 +82%),-,-,과상승,76.0,30.0,82.0,유니슨
011230.KS,⛔ EXCLUDE,과상승(저점대비 +86%),"양봉스프링, 작은몸통양꼬리양봉",양봉스프링,과상승,71.0,39.0,86.0,삼화전자
138360.KQ,⛔ EXCLUDE,과상승(저점대비 +368%),작은몸통양꼬리양봉,작은몸통양꼬리양봉,과상승,48.0,46.0,368.0,앤로보틱스
083450.KQ,⛔ EXCLUDE,과상승(저점대비 +356%),작은몸통양꼬리양봉,-,과상승,19.0,77.0,356.0,GST
187660.KQ,⛔ EXCLUDE,과상승(저점대비 +455%),-,-,과상승,71.0,25.0,455.0,페니트리움바이오
020150.KS,⛔ EXCLUDE,과상승(저점대비 +163%),위꼬리양봉,음봉스프링,과상승,65.0,50.0,163.0,롯데에너지머티리얼즈
290650.KQ,⛔ EXCLUDE,과상승(저점대비 +435%),-,-,과상승,36.0,59.0,435.0,엘앤씨바이오
004100.KS,⛔ EXCLUDE,과상승(저점대비 +53%),-,-,과상승,43.0,31.0,53.0,태양금속
033790.KQ,⛔ EXCLUDE,과상승(저점대비 +163%),작은몸통양꼬리양봉,-,과상승,53.0,36.0,163.0,피노
090360.KQ,⛔ EXCLUDE,과상승(저점대비 +480%),-,-,과상승,40.0,56.0,480.0,로보스타
001200.KS,⛔ EXCLUDE,과상승(저점대비 +132%),"작은몸통양꼬리양봉, 위꼬리양봉",-,과상승,30.0,57.0,132.0,유진투자증권
243840.KQ,⛔ EXCLUDE,과상승(저점대비 +58%),-,-,과상승,94.0,25.0,58.0,신흥에스이씨
102120.KQ,⛔ EXCLUDE,과상승(저점대비 +58%),작은몸통양꼬리양봉,-,과상승,60.0,30.0,58.0,어보브반도체
060370.KQ,⛔ EXCLUDE,과상승(저점대비 +163%),-,-,과상승,42.0,46.0,163.0,LS마린솔루션
000240.KS,⛔ EXCLUDE,과상승(저점대비 +85%),-,-,과상승,32.0,49.0,85.0,한국앤컴퍼니
039860.KQ,⛔ EXCLUDE,과상승(저점대비 +56%),작은몸통양꼬리양봉,-,과상승,59.0,23.0,56.0,나노엔텍
001040.KS,⛔ EXCLUDE,과상승(저점대비 +105%),"작은몸통양꼬리양봉, 상승다람쥐",-,과상승,22.0,65.0,105.0,CJ
170920.KQ,⛔ EXCLUDE,과상승(저점대비 +557%),-,-,과상승,16.0,81.0,557.0,엘티씨
077500.KS,⛔ EXCLUDE,과상승(저점대비 +92%),"작은몸통양꼬리양봉, 상승펀치",도지,과상승,66.0,67.0,92.0,유니퀘스트
017960.KS,⛔ EXCLUDE,과상승(저점대비 +240%),양봉스프링,음봉스프링,과상승,41.0,51.0,240.0,한국카본
100090.KS,⛔ EXCLUDE,과상승(저점대비 +68%),"작은몸통양꼬리양봉, 양봉스프링",음봉스프링,과상승,46.0,33.0,68.0,SK오션플랜트
041960.KQ,⛔ EXCLUDE,과상승(저점대비 +140%),작은몸통양꼬리양봉,-,과상승,41.0,70.0,140.0,코미팜
061970.KQ,⛔ EXCLUDE,과상승(저점대비 +87%),위꼬리양봉,도지,과상승,64.0,58.0,87.0,LB세미콘
314130.KQ,⛔ EXCLUDE,과상승(저점대비 +143%),-,-,과상승,91.0,34.0,143.0,지놈앤컴퍼니
094800.KS,⛔ EXCLUDE,과상승(저점대비 +63%),"양봉스프링, 작은몸통양꼬리양봉, 상승펀치",작은몸통양꼬리양봉,과상승,20.0,61.0,63.0,맵스리얼티
307180.KQ,⛔ EXCLUDE,과상승(저점대비 +146%),작은몸통양꼬리양봉,-,과상승,43.0,44.0,146.0,아이엘
009190.KS,⛔ EXCLUDE,과상승(저점대비 +66%),작은몸통양꼬리양봉,도지,과상승,72.0,50.0,66.0,대양금속
002220.KS,⛔ EXCLUDE,과상승(저점대비 +211%),-,-,과상승,26.0,70.0,211.0,한일철강
032350.KS,⛔ EXCLUDE,과상승(저점대비 +141%),-,음봉스프링,과상승,39.0,48.0,141.0,롯데관광개발
388050.KQ,⛔ EXCLUDE,과상승(저점대비 +86%),-,-,과상승,54.0,32.0,86.0,지투파워
032500.KQ,⛔ EXCLUDE,과상승(저점대비 +269%),-,-,과상승,58.0,53.0,269.0,케이엠더블유
290550.KQ,⛔ EXCLUDE,과상승(저점대비 +255%),-,-,과상승,39.0,53.0,255.0,디케이티
036620.KQ,⛔ EXCLUDE,과상승(저점대비 +101%),-,-,과상승,35.0,48.0,101.0,감성코퍼레이션
078600.KQ,⛔ EXCLUDE,과상승(저점대비 +98%),-,-,과상승,36.0,47.0,98.0,대주전자재료
001440.KS,⛔ EXCLUDE,과상승(저점대비 +295%),-,-,과상승,48.0,45.0,295.0,대한전선
034020.KS,⛔ EXCLUDE,과상승(저점대비 +557%),-,음봉스프링,과상승,28.0,68.0,557.0,두산에너빌리티
082800.KQ,⛔ EXCLUDE,과상승(저점대비 +51%),작은몸통양꼬리양봉,음봉스프링,과상승,76.0,10.0,51.0,비보존 제약
389030.KQ,⛔ EXCLUDE,과상승(저점대비 +149%),-,-,과상승,59.0,30.0,149.0,지니너스
011690.KS,⛔ EXCLUDE,과상승(저점대비 +139%),-,음봉스프링,과상승,65.0,31.0,139.0,와이투솔루션
097230.KS,⛔ EXCLUDE,과상승(저점대비 +962%),-,-,과상승,33.0,65.0,962.0,HJ중공업
010690.KS,⛔ EXCLUDE,과상승(저점대비 +96%),작은몸통양꼬리양봉,음봉스프링,과상승,47.0,56.0,96.0,화신
019210.KQ,⛔ EXCLUDE,과상승(저점대비 +354%),작은몸통양꼬리양봉,-,과상승,1.0,98.0,354.0,와이지-원
092300.KQ,⛔ EXCLUDE,과상승(저점대비 +57%),상승다람쥐,도지,과상승,57.0,45.0,57.0,현우산업
010820.KS,⛔ EXCLUDE,과상승(저점대비 +196%),작은몸통양꼬리양봉,음봉스프링,과상승,60.0,31.0,196.0,퍼스텍
035890.KQ,⛔ EXCLUDE,과상승(저점대비 +92%),-,-,과상승,43.0,39.0,92.0,서희건설
144960.KQ,⛔ EXCLUDE,과상승(저점대비 +121%),-,-,과상승,29.0,57.0,121.0,뉴파워프라즈마
161390.KS,⛔ EXCLUDE,과상승(저점대비 +90%),-,-,과상승,16.0,71.0,90.0,한국타이어앤테크놀로지
353200.KS,⛔ EXCLUDE,과상승(저점대비 +1202%),작은몸통양꼬리양봉,-,과상승,15.0,84.0,1202.0,대덕전자
042940.KQ,⛔ EXCLUDE,과상승(저점대비 +263%),위꼬리양봉,-,과상승,86.0,10.0,263.0,상지건설
025560.KS,⛔ EXCLUDE,과상승(저점대비 +335%),-,-,과상승,66.0,84.0,335.0,미래산업
064260.KQ,⛔ EXCLUDE,과상승(저점대비 +113%),-,-,과상승,73.0,31.0,113.0,다날
036710.KQ,⛔ EXCLUDE,과상승(저점대비 +449%),-,-,과상승,25.0,71.0,449.0,심텍홀딩스
293580.KQ,⛔ EXCLUDE,과상승(저점대비 +87%),위꼬리양봉,음봉스프링,과상승,52.0,30.0,87.0,나우IB
010950.KS,⛔ EXCLUDE,과상승(저점대비 +110%),작은몸통양꼬리양봉,음봉스프링,과상승,41.0,43.0,110.0,S-Oil
064290.KQ,⛔ EXCLUDE,과상승(저점대비 +503%),상승펀치,-,과상승,3.0,96.0,503.0,인텍플러스
030610.KS,⛔ EXCLUDE,과상승(저점대비 +126%),-,-,과상승,41.0,45.0,126.0,교보증권
080220.KQ,⛔ EXCLUDE,과상승(저점대비 +1427%),작은몸통양꼬리양봉,-,과상승,14.0,85.0,1427.0,제주반도체
120110.KS,⛔ EXCLUDE,과상승(저점대비 +158%),작은몸통양꼬리양봉,-,과상승,42.0,51.0,158.0,코오롱인더
085620.KS,⛔ EXCLUDE,과상승(저점대비 +653%),작은몸통양꼬리양봉,-,과상승,14.0,84.0,653.0,미래에셋생명
078150.KQ,⛔ EXCLUDE,과상승(저점대비 +78%),-,-,과상승,55.0,26.0,78.0,HB테크놀러지
009830.KS,⛔ EXCLUDE,과상승(저점대비 +156%),위꼬리양봉,-,과상승,38.0,52.0,156.0,한화솔루션
003470.KS,⛔ EXCLUDE,과상승(저점대비 +103%),-,음봉스프링,과상승,40.0,43.0,103.0,유안타증권
064850.KQ,⛔ EXCLUDE,과상승(저점대비 +329%),작은몸통양꼬리양봉,-,과상승,31.0,63.0,329.0,에프앤가이드
004590.KQ,⛔ EXCLUDE,과상승(저점대비 +66%),-,-,과상승,39.0,42.0,66.0,한국가구
002990.KS,⛔ EXCLUDE,과상승(저점대비 +91%),-,-,과상승,69.0,57.0,91.0,금호건설
006910.KQ,⛔ EXCLUDE,과상승(저점대비 +304%),작은몸통양꼬리양봉,음봉스프링,과상승,53.0,40.0,304.0,보성파워텍
052690.KS,⛔ EXCLUDE,과상승(저점대비 +178%),양봉스프링,-,과상승,31.0,59.0,178.0,한전기술
019990.KQ,⛔ EXCLUDE,과상승(저점대비 +56%),작은몸통양꼬리양봉,-,과상승,65.0,29.0,56.0,에너토크
272210.KS,⛔ EXCLUDE,과상승(저점대비 +481%),위꼬리양봉,음봉스프링,과상승,48.0,48.0,481.0,한화시스템
412350.KQ,⛔ EXCLUDE,과상승(저점대비 +295%),-,-,과상승,69.0,36.0,295.0,레이저쎌
001430.KS,⛔ EXCLUDE,과상승(저점대비 +193%),-,음봉스프링,과상승,53.0,37.0,193.0,세아베스틸지주
050890.KQ,⛔ EXCLUDE,과상승(저점대비 +207%),-,-,과상승,41.0,49.0,207.0,쏠리드
252990.KQ,⛔ EXCLUDE,과상승(저점대비 +305%),-,-,과상승,16.0,79.0,305.0,샘씨엔에스
000270.KS,⛔ EXCLUDE,과상승(저점대비 +95%),-,-,과상승,25.0,59.0,95.0,기아
005290.KQ,⛔ EXCLUDE,과상승(저점대비 +210%),"작은몸통양꼬리양봉, 위꼬리양봉",-,과상승,13.0,82.0,210.0,동진쎄미켐
028050.KS,⛔ EXCLUDE,과상승(저점대비 +205%),-,음봉스프링,과상승,26.0,65.0,205.0,삼성E&A
037030.KQ,⛔ EXCLUDE,과상승(저점대비 +183%),-,-,과상승,48.0,42.0,183.0,파워넷
183300.KQ,⛔ EXCLUDE,과상승(저점대비 +579%),-,-,과상승,23.0,74.0,579.0,코미코
037270.KS,⛔ EXCLUDE,과상승(저점대비 +60%),작은몸통양꼬리양봉,-,과상승,67.0,16.0,60.0,YG PLUS
147830.KQ,⛔ EXCLUDE,과상승(저점대비 +72%),-,-,과상승,50.0,30.0,72.0,제룡산업
103590.KS,⛔ EXCLUDE,과상승(저점대비 +430%),-,-,과상승,41.0,54.0,430.0,일진전기
005690.KS,⛔ EXCLUDE,과상승(저점대비 +231%),작은몸통양꼬리양봉,-,과상승,33.0,59.0,231.0,파미셀
016360.KS,⛔ EXCLUDE,과상승(저점대비 +218%),-,-,과상승,27.0,65.0,218.0,삼성증권
003720.KS,⛔ EXCLUDE,과상승(저점대비 +178%),-,-,과상승,40.0,49.0,178.0,삼영
347700.KQ,⛔ EXCLUDE,과상승(저점대비 +1583%),-,음봉스프링,과상승,53.0,46.0,1583.0,스피어
253590.KQ,⛔ EXCLUDE,과상승(저점대비 +77%),-,-,과상승,39.0,41.0,77.0,네오셈
076610.KQ,⛔ EXCLUDE,과상승(저점대비 +148%),작은몸통양꼬리양봉,-,과상승,81.0,29.0,148.0,해성옵틱스
077360.KQ,⛔ EXCLUDE,과상승(저점대비 +332%),-,-,과상승,35.0,58.0,332.0,덕산하이메탈
074600.KQ,⛔ EXCLUDE,과상승(저점대비 +148%),-,-,과상승,17.0,75.0,148.0,원익QnC
356680.KQ,⛔ EXCLUDE,과상승(저점대비 +465%),양봉스프링,-,과상승,43.0,53.0,465.0,엑스게이트
082270.KQ,⛔ EXCLUDE,과상승(저점대비 +53%),-,음봉스프링,과상승,81.0,8.0,53.0,젬백스
001450.KS,⛔ EXCLUDE,과상승(저점대비 +100%),위꼬리양봉,도지,과상승,10.0,82.0,100.0,현대해상
389260.KQ,⛔ EXCLUDE,과상승(저점대비 +67%),작은몸통양꼬리양봉,음봉스프링,과상승,56.0,26.0,67.0,대명에너지
018880.KS,⛔ EXCLUDE,과상승(저점대비 +68%),-,-,과상승,75.0,59.0,68.0,한온시스템
012200.KS,⛔ EXCLUDE,과상승(저점대비 +357%),-,-,과상승,58.0,36.0,357.0,계양전기
017800.KS,⛔ EXCLUDE,과상승(저점대비 +102%),-,음봉스프링,과상승,30.0,54.0,102.0,현대엘리베이터
084370.KQ,⛔ EXCLUDE,과상승(저점대비 +483%),-,도지,과상승,12.0,86.0,483.0,유진테크
356860.KQ,⛔ EXCLUDE,과상승(저점대비 +746%),-,-,과상승,33.0,64.0,746.0,티엘비
396300.KQ,⛔ EXCLUDE,과상승(저점대비 +126%),-,-,과상승,62.0,45.0,126.0,세아메카닉스
001740.KS,⛔ EXCLUDE,과상승(저점대비 +181%),위꼬리양봉,-,과상승,34.0,55.0,181.0,SK네트웍스
452260.KS,⛔ EXCLUDE,과상승(저점대비 +163%),작은몸통양꼬리양봉,-,과상승,36.0,52.0,163.0,한화갤러리아
052900.KQ,⛔ EXCLUDE,과상승(저점대비 +82%),-,-,과상승,44.0,39.0,82.0,KX하이텍
067310.KQ,⛔ EXCLUDE,과상승(저점대비 +520%),"작은몸통양꼬리양봉, 상승펀치",-,과상승,12.0,86.0,520.0,하나마이크론
006800.KS,⛔ EXCLUDE,과상승(저점대비 +674%),-,-,과상승,42.0,54.0,674.0,미래에셋증권
036540.KQ,⛔ EXCLUDE,과상승(저점대비 +182%),위꼬리양봉,-,과상승,38.0,51.0,182.0,SFA반도체
218410.KQ,⛔ EXCLUDE,과상승(저점대비 +606%),-,-,과상승,41.0,55.0,606.0,RFHIC
017670.KS,⛔ EXCLUDE,과상승(저점대비 +90%),-,-,과상승,31.0,51.0,90.0,SK텔레콤
377300.KS,⛔ EXCLUDE,과상승(저점대비 +117%),-,-,과상승,81.0,27.0,117.0,카카오페이
012610.KS,⛔ EXCLUDE,과상승(저점대비 +61%),작은몸통양꼬리양봉,-,과상승,48.0,39.0,61.0,경인양행
281820.KS,⛔ EXCLUDE,과상승(저점대비 +301%),-,-,과상승,8.0,89.0,301.0,케이씨텍
332570.KQ,⛔ EXCLUDE,과상승(저점대비 +254%),-,-,과상승,53.0,39.0,254.0,PS일렉트로닉스
290690.KQ,⛔ EXCLUDE,과상승(저점대비 +97%),위꼬리양봉,-,과상승,68.0,20.0,97.0,소룩스
250060.KQ,⛔ EXCLUDE,과상승(저점대비 +53%),작은몸통양꼬리양봉,-,과상승,66.0,15.0,53.0,모비스
138040.KS,⛔ EXCLUDE,과상승(저점대비 +53%),작은몸통양꼬리양봉,-,과상승,25.0,51.0,53.0,메리츠금융지주
241520.KQ,⛔ EXCLUDE,과상승(저점대비 +410%),-,-,과상승,44.0,50.0,410.0,DSC인베스트먼트
274090.KQ,⛔ EXCLUDE,과상승(저점대비 +107%),-,-,과상승,59.0,27.0,107.0,켄코아에어로스페이스
033160.KQ,⛔ EXCLUDE,과상승(저점대비 +462%),-,-,과상승,19.0,78.0,462.0,엠케이전자
003550.KS,⛔ EXCLUDE,과상승(저점대비 +89%),양봉스프링,-,과상승,41.0,40.0,89.0,LG
281740.KQ,⛔ EXCLUDE,과상승(저점대비 +67%),-,-,과상승,51.0,35.0,67.0,레이크머티리얼즈
098460.KQ,⛔ EXCLUDE,과상승(저점대비 +355%),위꼬리양봉,-,과상승,23.0,72.0,355.0,고영
036170.KQ,⛔ EXCLUDE,과상승(저점대비 +415%),작은몸통양꼬리양봉,-,과상승,62.0,33.0,415.0,에이치엠넥스
090710.KQ,⛔ EXCLUDE,과상승(저점대비 +876%),작은몸통양꼬리양봉,-,과상승,61.0,37.0,876.0,휴림로봇
012860.KQ,⛔ EXCLUDE,과상승(저점대비 +141%),작은몸통양꼬리양봉,-,과상승,57.0,31.0,141.0,모베이스전자
358570.KQ,⛔ EXCLUDE,과상승(저점대비 +98%),-,-,과상승,49.0,34.0,98.0,지아이이노베이션
000370.KS,⛔ EXCLUDE,과상승(저점대비 +89%),양봉스프링,-,과상승,36.0,45.0,89.0,한화손해보험
114810.KQ,⛔ EXCLUDE,과상승(저점대비 +173%),-,-,과상승,27.0,64.0,173.0,한솔아이원스
010140.KS,⛔ EXCLUDE,과상승(저점대비 +215%),-,-,과상승,22.0,71.0,215.0,삼성중공업
158430.KQ,⛔ EXCLUDE,과상승(저점대비 +78%),-,-,과상승,63.0,20.0,78.0,아톤
027360.KQ,⛔ EXCLUDE,과상승(저점대비 +244%),-,-,과상승,68.0,25.0,244.0,아주IB투자
059120.KQ,⛔ EXCLUDE,과상승(저점대비 +166%),-,-,과상승,52.0,36.0,166.0,아진엑스텍
322310.KQ,⛔ EXCLUDE,과상승(저점대비 +124%),"작은몸통양꼬리양봉, 양봉스프링",작은몸통양꼬리양봉,과상승,43.0,42.0,124.0,오로스테크놀로지
039200.KQ,⛔ EXCLUDE,과상승(저점대비 +84%),-,-,과상승,40.0,41.0,84.0,오스코텍
001510.KS,⛔ EXCLUDE,과상승(저점대비 +253%),-,-,과상승,52.0,40.0,253.0,SK증권
319400.KQ,⛔ EXCLUDE,과상승(저점대비 +1276%),작은몸통양꼬리양봉,음봉스프링,과상승,33.0,65.0,1276.0,현대무벡스
178320.KQ,⛔ EXCLUDE,과상승(저점대비 +319%),-,도지,과상승,17.0,79.0,319.0,서진시스템
004020.KS,⛔ EXCLUDE,과상승(저점대비 +68%),작은몸통양꼬리양봉,음봉스프링,과상승,41.0,44.0,68.0,현대제철
060280.KQ,⛔ EXCLUDE,과상승(저점대비 +77%),-,음봉스프링,과상승,60.0,27.0,77.0,큐렉소
005880.KS,⛔ EXCLUDE,과상승(저점대비 +51%),-,-,과상승,44.0,34.0,51.0,대한해운
166090.KQ,⛔ EXCLUDE,과상승(저점대비 +216%),작은몸통양꼬리양봉,-,과상승,22.0,71.0,216.0,하나머티리얼즈
161890.KS,⛔ EXCLUDE,과상승(저점대비 +77%),-,도지,과상승,21.0,63.0,77.0,한국콜마
348340.KQ,⛔ EXCLUDE,과상승(저점대비 +177%),-,-,과상승,64.0,26.0,177.0,뉴로메카
199820.KQ,⛔ EXCLUDE,과상승(저점대비 +72%),작은몸통양꼬리양봉,-,과상승,65.0,25.0,72.0,제일일렉트릭
192410.KQ,⛔ EXCLUDE,과상승(저점대비 +336%),작은몸통양꼬리양봉,-,과상승,92.0,34.0,336.0,오늘이엔엠
217730.KQ,⛔ EXCLUDE,과상승(저점대비 +133%),-,-,과상승,53.0,40.0,133.0,강스템바이오텍
396270.KQ,⛔ EXCLUDE,과상승(저점대비 +85%),작은몸통양꼬리양봉,-,과상승,84.0,11.0,85.0,넥스트칩
078890.KQ,⛔ EXCLUDE,과상승(저점대비 +137%),-,-,과상승,71.0,42.0,137.0,가온그룹
005950.KS,⛔ EXCLUDE,과상승(저점대비 +195%),-,-,과상승,62.0,74.0,195.0,이수화학
357580.KQ,⛔ EXCLUDE,과상승(저점대비 +94%),작은몸통양꼬리양봉,-,과상승,71.0,16.0,94.0,아모센스
007340.KS,⛔ EXCLUDE,과상승(저점대비 +171%),-,-,과상승,21.0,70.0,171.0,DN오토모티브
128820.KS,⛔ EXCLUDE,과상승(저점대비 +73%),-,-,과상승,61.0,21.0,73.0,대성산업
032580.KQ,⛔ EXCLUDE,과상승(저점대비 +606%),"위꼬리양봉, 상승펀치",-,과상승,39.0,58.0,606.0,피델릭스
066980.KQ,⛔ EXCLUDE,과상승(저점대비 +92%),-,-,과상승,67.0,57.0,92.0,한성크린텍
316140.KS,⛔ EXCLUDE,과상승(저점대비 +130%),"작은몸통양꼬리양봉, 위꼬리양봉",-,과상승,24.0,64.0,130.0,우리금융지주
009470.KS,⛔ EXCLUDE,과상승(저점대비 +82%),양봉스프링,양봉스프링,과상승,52.0,32.0,82.0,삼화전기
014910.KS,⛔ EXCLUDE,과상승(저점대비 +192%),양봉스프링,-,과상승,32.0,58.0,192.0,성문전자
114190.KQ,⛔ EXCLUDE,과상승(저점대비 +91%),위꼬리양봉,-,과상승,75.0,36.0,91.0,강원에너지
065440.KQ,⛔ EXCLUDE,과상승(저점대비 +77%),-,-,과상승,74.0,20.0,77.0,이루온
351320.KQ,⛔ EXCLUDE,과상승(저점대비 +66%),-,-,과상승,84.0,21.0,66.0,넥사다이내믹스
413630.KQ,⛔ EXCLUDE,과상승(저점대비 +103%),위꼬리양봉,-,과상승,60.0,25.0,103.0,씨피시스템
265740.KQ,⛔ EXCLUDE,과상승(저점대비 +161%),"작은몸통양꼬리양봉, 위꼬리양봉",위꼬리양봉,과상승,43.0,45.0,161.0,엔에프씨
046970.KQ,⛔ EXCLUDE,과상승(저점대비 +732%),양봉스프링,양봉스프링,과상승,50.0,47.0,732.0,우리로
069330.KQ,⛔ EXCLUDE,과상승(저점대비 +61%),"위꼬리양봉, 작은몸통양꼬리양봉",-,과상승,66.0,35.0,61.0,유아이디
122640.KQ,⛔ EXCLUDE,과상승(저점대비 +417%),작은몸통양꼬리양봉,-,과상승,9.0,90.0,417.0,예스티
130660.KS,⛔ EXCLUDE,과상승(저점대비 +51%),"위꼬리양봉, 작은몸통양꼬리양봉",-,과상승,53.0,23.0,51.0,한전산업
058430.KS,⛔ EXCLUDE,과상승(저점대비 +133%),-,-,과상승,43.0,43.0,133.0,포스코스틸리온
006340.KS,⛔ EXCLUDE,과상승(저점대비 +423%),작은몸통양꼬리양봉,-,과상승,43.0,52.0,423.0,대원전선
004710.KS,⛔ EXCLUDE,과상승(저점대비 +303%),"작은몸통양꼬리양봉, 양봉스프링",-,과상승,14.0,82.0,303.0,한솔테크닉스
052710.KQ,⛔ EXCLUDE,과상승(저점대비 +1023%),작은몸통양꼬리양봉,-,과상승,12.0,87.0,1023.0,아모텍
015750.KQ,⛔ EXCLUDE,과상승(저점대비 +56%),작은몸통양꼬리양봉,작은몸통양꼬리양봉,과상승,57.0,34.0,56.0,성우하이텍
161000.KS,⛔ EXCLUDE,과상승(저점대비 +92%),위꼬리양봉,-,과상승,59.0,39.0,92.0,애경케미칼
013360.KS,⛔ EXCLUDE,과상승(저점대비 +62%),양봉스프링,도지,과상승,78.0,16.0,62.0,일성건설
032640.KS,⛔ EXCLUDE,과상승(저점대비 +57%),-,음봉스프링,과상승,20.0,59.0,57.0,LG유플러스
048410.KQ,⛔ EXCLUDE,과상승(저점대비 +113%),작은몸통양꼬리양봉,음봉스프링,과상승,57.0,28.0,113.0,현대바이오
033640.KQ,⛔ EXCLUDE,과상승(저점대비 +511%),작은몸통양꼬리양봉,-,과상승,18.0,86.0,511.0,네패스
006920.KQ,⛔ EXCLUDE,과상승(저점대비 +51%),작은몸통양꼬리양봉,음봉스프링,과상승,56.0,22.0,51.0,모헨즈
138930.KS,⛔ EXCLUDE,과상승(저점대비 +118%),작은몸통양꼬리양봉,-,과상승,23.0,64.0,118.0,BNK금융지주
023790.KQ,⛔ EXCLUDE,과상승(저점대비 +58%),"위꼬리양봉, 양봉스프링",-,과상승,88.0,7.0,58.0,동일스틸럭스
200470.KQ,⛔ EXCLUDE,과상승(저점대비 +609%),위꼬리양봉,-,과상승,7.0,91.0,609.0,에이팩트
175330.KS,⛔ EXCLUDE,과상승(저점대비 +105%),"작은몸통양꼬리양봉, 위꼬리양봉",-,과상승,31.0,53.0,105.0,JB금융지주
024110.KS,⛔ EXCLUDE,과상승(저점대비 +71%),"위꼬리양봉, 작은몸통양꼬리양봉",-,과상승,26.0,54.0,71.0,기업은행
066430.KQ,⛔ EXCLUDE,과상승(저점대비 +689%),-,-,과상승,32.0,64.0,689.0,아이로보틱스
198440.KQ,⛔ EXCLUDE,과상승(저점대비 +104%),"작은몸통양꼬리양봉, 양봉스프링",-,과상승,67.0,56.0,104.0,강동씨앤엘
089970.KQ,⛔ EXCLUDE,과상승(저점대비 +1600%),-,-,과상승,10.0,89.0,1600.0,브이엠
097800.KQ,⛔ EXCLUDE,과상승(저점대비 +58%),양봉스프링,-,과상승,77.0,11.0,58.0,윈팩
089030.KQ,⛔ EXCLUDE,과상승(저점대비 +132%),-,-,과상승,18.0,72.0,132.0,테크윙
043260.KQ,⛔ EXCLUDE,과상승(저점대비 +4369%),-,음봉스프링,과상승,33.0,67.0,4369.0,성호전자
004310.KS,⛔ EXCLUDE,과상승(저점대비 +184%),꼬리군,-,과상승,47.0,42.0,184.0,현대약품
336370.KS,⛔ EXCLUDE,과상승(저점대비 +66%),작은몸통양꼬리양봉,도지,과상승,81.0,27.0,66.0,솔루스첨단소재
067290.KQ,⛔ EXCLUDE,과상승(저점대비 +78%),양봉스프링,-,과상승,60.0,60.0,78.0,JW신약
047810.KS,⛔ EXCLUDE,과상승(저점대비 +217%),-,-,과상승,29.0,62.0,217.0,한국항공우주
